"table","legacy_field","field_type","vocab_candidates_found","candidate_keys","ambiguous","value_check_applicable","data_fit"
"CA","Age","number(quantity)",0,"",FALSE,FALSE,"no_candidate"
"CA","AgePrepMet","enum",1,"TS_AgePrepMet",FALSE,TRUE,"partial"
"CA","AgeSource","enum",2,"TS_AgeSource|AC_AgeSource",TRUE,TRUE,"partial"
"CA","AreaCode","string",0,"",FALSE,FALSE,"no_candidate"
"CA","AreaType","string",2,"TS_AreaType|AreaType",TRUE,FALSE,"not_applicable"
"CA","CANoAtLngt","number(quantity)",0,"",FALSE,FALSE,"no_candidate"
"CA","Country","string",1,"TS_Country",FALSE,FALSE,"not_applicable"
"CA","DateofCalculation","number(ordinal)",0,"",FALSE,FALSE,"no_candidate"
"CA","DoorType","enum",2,"TS_DoorType|AC_DoorType",TRUE,TRUE,"full"
"CA","FishID","string",0,"",FALSE,FALSE,"no_candidate"
"CA","Gear","enum",1,"Gear",FALSE,TRUE,"full"
"CA","GearEx","enum",1,"TS_GearEx",FALSE,TRUE,"full"
"CA","GenSamp","enum",0,"",FALSE,FALSE,"no_candidate"
"CA","HaulNo","number(ordinal)",0,"",FALSE,FALSE,"no_candidate"
"CA","IndWgt","number(quantity)",0,"",FALSE,FALSE,"no_candidate"
"CA","LngtClass","number(quantity)",0,"",FALSE,FALSE,"no_candidate"
"CA","LngtCode","enum",1,"TS_LngtCode",FALSE,TRUE,"full"
"CA","Maturity","string",1,"TS_Maturity",FALSE,FALSE,"not_applicable"
"CA","MaturityScale","enum",3,"TS_MaturityScale|MaturityScale|AC_MaturityScale",TRUE,TRUE,"full"
"CA","OtGrading","enum",1,"TS_OtGrading",FALSE,TRUE,"full"
"CA","ParSamp","enum",0,"",FALSE,FALSE,"no_candidate"
"CA","PlusGr","enum",1,"TS_PlusGr",FALSE,TRUE,"full"
"CA","Quarter","enum",2,"TS_Quarter|Quarter",TRUE,TRUE,"full"
"CA","RecordType","enum",0,"",FALSE,FALSE,"no_candidate"
"CA","Sex","enum",2,"TS_Sex|AC_Sex",TRUE,TRUE,"full"
"CA","Ship","string",1,"TS_Ship",FALSE,FALSE,"not_applicable"
"CA","SpecCode","number(id)",0,"",FALSE,FALSE,"no_candidate"
"CA","SpecCodeType","enum",1,"TS_SpecCodeType",FALSE,TRUE,"full"
"CA","StNo","string",0,"",FALSE,FALSE,"no_candidate"
"CA","StomSamp","enum",0,"",FALSE,FALSE,"no_candidate"
"CA","Survey","string",2,"Survey|AC_Survey",TRUE,FALSE,"not_applicable"
"CA","SweepLngt","number(quantity)",0,"",FALSE,FALSE,"no_candidate"
"CA","Valid_Aphia","number(id)",0,"",FALSE,FALSE,"no_candidate"
"CA","Year","number(ordinal)",1,"Year",FALSE,FALSE,"not_applicable"
"HH","BotCurDir","number(quantity)",0,"",FALSE,FALSE,"no_candidate"
"HH","BotCurSpeed","number(quantity)",0,"",FALSE,FALSE,"no_candidate"
"HH","BotSal","number(quantity)",0,"",FALSE,FALSE,"no_candidate"
"HH","BotTemp","number(quantity)",0,"",FALSE,FALSE,"no_candidate"
"HH","Buoyancy","number(quantity)",0,"",FALSE,FALSE,"no_candidate"
"HH","BySpecRecCode","enum",1,"TS_BySpecRecCode",FALSE,TRUE,"full"
"HH","CodendMesh","number(quantity)",0,"",FALSE,FALSE,"no_candidate"
"HH","Country","string",1,"TS_Country",FALSE,FALSE,"not_applicable"
"HH","DataType","enum",1,"TS_DataType",FALSE,TRUE,"full"
"HH","DateofCalculation","number(ordinal)",0,"",FALSE,FALSE,"no_candidate"
"HH","Day","number(ordinal)",0,"",FALSE,FALSE,"no_candidate"
"HH","DayNight","enum",1,"TS_DayNight",FALSE,TRUE,"full"
"HH","Depth","number(quantity)",0,"",FALSE,FALSE,"no_candidate"
"HH","DepthStratum","string",1,"TS_DepthStratum",FALSE,FALSE,"not_applicable"
"HH","Distance","number(quantity)",0,"",FALSE,FALSE,"no_candidate"
"HH","DoorSpread","number(quantity)",0,"",FALSE,FALSE,"no_candidate"
"HH","DoorSurface","number(quantity)",0,"",FALSE,FALSE,"no_candidate"
"HH","DoorType","enum",2,"TS_DoorType|AC_DoorType",TRUE,TRUE,"full"
"HH","DoorWgt","number(quantity)",0,"",FALSE,FALSE,"no_candidate"
"HH","Gear","enum",1,"Gear",FALSE,TRUE,"full"
"HH","GearEx","enum",1,"TS_GearEx",FALSE,TRUE,"full"
"HH","GroundSpeed","number(quantity)",0,"",FALSE,FALSE,"no_candidate"
"HH","HaulDur","number(quantity)",0,"",FALSE,FALSE,"no_candidate"
"HH","HaulLat","number(quantity)",0,"",FALSE,FALSE,"no_candidate"
"HH","HaulLong","number(quantity)",0,"",FALSE,FALSE,"no_candidate"
"HH","HaulNo","number(ordinal)",0,"",FALSE,FALSE,"no_candidate"
"HH","HaulVal","enum",1,"TS_HaulVal",FALSE,TRUE,"full"
"HH","HydroStNo","string",0,"",FALSE,FALSE,"no_candidate"
"HH","KiteDim","number(quantity)",0,"",FALSE,FALSE,"no_candidate"
"HH","MaxTrawlDepth","number(quantity)",0,"",FALSE,FALSE,"no_candidate"
"HH","MinTrawlDepth","number(quantity)",0,"",FALSE,FALSE,"no_candidate"
"HH","Month","enum",2,"TS_Month|Month",TRUE,TRUE,"full"
"HH","Netopening","number(quantity)",0,"",FALSE,FALSE,"no_candidate"
"HH","PelSampType","enum",1,"TS_PelSampType",FALSE,TRUE,"full"
"HH","Quarter","enum",2,"TS_Quarter|Quarter",TRUE,TRUE,"full"
"HH","RecordType","enum",0,"",FALSE,FALSE,"no_candidate"
"HH","Rigging","enum",1,"TS_Rigging",FALSE,TRUE,"full"
"HH","SecchiDepth","number(quantity)",0,"",FALSE,FALSE,"no_candidate"
"HH","Ship","string",1,"TS_Ship",FALSE,FALSE,"not_applicable"
"HH","ShootLat","number(quantity)",0,"",FALSE,FALSE,"no_candidate"
"HH","ShootLong","number(quantity)",0,"",FALSE,FALSE,"no_candidate"
"HH","SpeedWater","number(quantity)",0,"",FALSE,FALSE,"no_candidate"
"HH","StNo","string",0,"",FALSE,FALSE,"no_candidate"
"HH","StatRec","string",1,"StatRec",FALSE,FALSE,"not_applicable"
"HH","StdSpecRecCode","enum",1,"TS_StdSpecRecCode",FALSE,TRUE,"full"
"HH","SurCurDir","number(quantity)",0,"",FALSE,FALSE,"no_candidate"
"HH","SurCurSpeed","number(quantity)",0,"",FALSE,FALSE,"no_candidate"
"HH","SurSal","number(quantity)",0,"",FALSE,FALSE,"no_candidate"
"HH","SurTemp","number(quantity)",0,"",FALSE,FALSE,"no_candidate"
"HH","Survey","string",2,"Survey|AC_Survey",TRUE,FALSE,"not_applicable"
"HH","SweepLngt","number(quantity)",0,"",FALSE,FALSE,"no_candidate"
"HH","SwellDir","number(quantity)",0,"",FALSE,FALSE,"no_candidate"
"HH","SwellHeight","number(quantity)",1,"SwellHeight",FALSE,FALSE,"not_applicable"
"HH","ThClineDepth","number(quantity)",0,"",FALSE,FALSE,"no_candidate"
"HH","ThermoCline","enum",1,"TS_ThermoCline",FALSE,TRUE,"full"
"HH","Tickler","enum",1,"TS_Tickler",FALSE,TRUE,"full"
"HH","TidePhase","number(quantity)",0,"",FALSE,FALSE,"no_candidate"
"HH","TideSpeed","number(quantity)",0,"",FALSE,FALSE,"no_candidate"
"HH","TimeShot","string",0,"",FALSE,FALSE,"no_candidate"
"HH","TowDir","number(quantity)",0,"",FALSE,FALSE,"no_candidate"
"HH","Turbidity","number(quantity)",0,"",FALSE,FALSE,"no_candidate"
"HH","WarpDen","number(quantity)",0,"",FALSE,FALSE,"no_candidate"
"HH","Warpdia","number(quantity)",0,"",FALSE,FALSE,"no_candidate"
"HH","Warplngt","number(quantity)",0,"",FALSE,FALSE,"no_candidate"
"HH","WgtGroundRope","number(quantity)",0,"",FALSE,FALSE,"no_candidate"
"HH","WindDir","number(quantity)",0,"",FALSE,FALSE,"no_candidate"
"HH","WindSpeed","number(quantity)",0,"",FALSE,FALSE,"no_candidate"
"HH","WingSpread","number(quantity)",0,"",FALSE,FALSE,"no_candidate"
"HH","Year","number(ordinal)",1,"Year",FALSE,FALSE,"not_applicable"
"HL","CatCatchWgt","number(quantity)",0,"",FALSE,FALSE,"no_candidate"
"HL","CatIdentifier","enum",1,"TS_CatIdentifier",FALSE,TRUE,"full"
"HL","Country","string",1,"TS_Country",FALSE,FALSE,"not_applicable"
"HL","DateofCalculation","number(ordinal)",0,"",FALSE,FALSE,"no_candidate"
"HL","DevStage","enum",2,"TS_DevStage|DevStage",TRUE,TRUE,"full"
"HL","DoorType","enum",2,"TS_DoorType|AC_DoorType",TRUE,TRUE,"full"
"HL","Gear","enum",1,"Gear",FALSE,TRUE,"full"
"HL","GearEx","enum",1,"TS_GearEx",FALSE,TRUE,"full"
"HL","HLNoAtLngt","number(quantity)",0,"",FALSE,FALSE,"no_candidate"
"HL","HaulNo","number(ordinal)",0,"",FALSE,FALSE,"no_candidate"
"HL","LenMeasType","enum",1,"TS_LenMeasType",FALSE,TRUE,"full"
"HL","LngtClass","number(quantity)",0,"",FALSE,FALSE,"no_candidate"
"HL","LngtCode","enum",1,"TS_LngtCode",FALSE,TRUE,"full"
"HL","NoMeas","number(quantity)",0,"",FALSE,FALSE,"no_candidate"
"HL","Quarter","enum",2,"TS_Quarter|Quarter",TRUE,TRUE,"full"
"HL","RecordType","enum",0,"",FALSE,FALSE,"no_candidate"
"HL","Sex","enum",2,"TS_Sex|AC_Sex",TRUE,TRUE,"full"
"HL","Ship","string",1,"TS_Ship",FALSE,FALSE,"not_applicable"
"HL","SpecCode","number(id)",0,"",FALSE,FALSE,"no_candidate"
"HL","SpecCodeType","enum",1,"TS_SpecCodeType",FALSE,TRUE,"full"
"HL","SpecVal","enum",1,"TS_SpecVal",FALSE,TRUE,"full"
"HL","StNo","string",0,"",FALSE,FALSE,"no_candidate"
"HL","SubFactor","number(quantity)",0,"",FALSE,FALSE,"no_candidate"
"HL","SubWgt","number(quantity)",0,"",FALSE,FALSE,"no_candidate"
"HL","Survey","string",2,"Survey|AC_Survey",TRUE,FALSE,"not_applicable"
"HL","SweepLngt","number(quantity)",0,"",FALSE,FALSE,"no_candidate"
"HL","TotalNo","number(quantity)",0,"",FALSE,FALSE,"no_candidate"
"HL","Valid_Aphia","number(id)",0,"",FALSE,FALSE,"no_candidate"
"HL","Year","number(ordinal)",1,"Year",FALSE,FALSE,"not_applicable"
"LT","BottomDepth","number(quantity)",0,"",FALSE,FALSE,"no_candidate"
"LT","CodendMesh","number(quantity)",0,"",FALSE,FALSE,"no_candidate"
"LT","Country","string",1,"TS_Country",FALSE,FALSE,"not_applicable"
"LT","DataType","enum",1,"TS_DataType",FALSE,TRUE,"full"
"LT","DateofCalculation","number(ordinal)",0,"",FALSE,FALSE,"no_candidate"
"LT","Day","number(ordinal)",0,"",FALSE,FALSE,"no_candidate"
"LT","Depth","number(quantity)",0,"",FALSE,FALSE,"no_candidate"
"LT","Distance","number(quantity)",0,"",FALSE,FALSE,"no_candidate"
"LT","DoorSpread","number(quantity)",0,"",FALSE,FALSE,"no_candidate"
"LT","DoorSurface","number(quantity)",0,"",FALSE,FALSE,"no_candidate"
"LT","DoorType","enum",2,"TS_DoorType|AC_DoorType",TRUE,TRUE,"full"
"LT","DoorWgt","number(quantity)",0,"",FALSE,FALSE,"no_candidate"
"LT","EEZ","string",0,"",FALSE,FALSE,"no_candidate"
"LT","Gear","enum",1,"Gear",FALSE,TRUE,"full"
"LT","GearEx","enum",1,"TS_GearEx",FALSE,TRUE,"full"
"LT","GroundSpeed","number(quantity)",0,"",FALSE,FALSE,"no_candidate"
"LT","HaulDur","number(quantity)",0,"",FALSE,FALSE,"no_candidate"
"LT","HaulLat","number(quantity)",0,"",FALSE,FALSE,"no_candidate"
"LT","HaulLong","number(quantity)",0,"",FALSE,FALSE,"no_candidate"
"LT","HaulNo","number(ordinal)",0,"",FALSE,FALSE,"no_candidate"
"LT","HaulVal","enum",1,"TS_HaulVal",FALSE,TRUE,"full"
"LT","LTPRP","string",1,"LTPRP",FALSE,FALSE,"not_applicable"
"LT","LTREF","enum",1,"LTREF",FALSE,TRUE,"full"
"LT","LTSRC","enum",1,"LTSRC",FALSE,TRUE,"full"
"LT","LTSZC","string",1,"LTSZC",FALSE,FALSE,"not_applicable"
"LT","LT_Items","number(quantity)",0,"",FALSE,FALSE,"no_candidate"
"LT","LT_Weight","number(quantity)",0,"",FALSE,FALSE,"no_candidate"
"LT","MSFDArea","string",0,"",FALSE,FALSE,"no_candidate"
"LT","Month","enum",2,"TS_Month|Month",TRUE,TRUE,"full"
"LT","NMArea","string",0,"",FALSE,FALSE,"no_candidate"
"LT","Netopening","number(quantity)",0,"",FALSE,FALSE,"no_candidate"
"LT","OSPARArea","string",0,"",FALSE,FALSE,"no_candidate"
"LT","PARAM","string",1,"PARAM",FALSE,FALSE,"not_applicable"
"LT","Quarter","enum",2,"TS_Quarter|Quarter",TRUE,TRUE,"full"
"LT","Rigging","enum",1,"TS_Rigging",FALSE,TRUE,"full"
"LT","Ship","string",1,"TS_Ship",FALSE,FALSE,"not_applicable"
"LT","ShootLat","number(quantity)",0,"",FALSE,FALSE,"no_candidate"
"LT","ShootLong","number(quantity)",0,"",FALSE,FALSE,"no_candidate"
"LT","SpeedWater","number(quantity)",0,"",FALSE,FALSE,"no_candidate"
"LT","StNo","string",0,"",FALSE,FALSE,"no_candidate"
"LT","StatRec","string",1,"StatRec",FALSE,FALSE,"not_applicable"
"LT","Survey","string",2,"Survey|AC_Survey",TRUE,FALSE,"not_applicable"
"LT","SweepLngt","number(quantity)",0,"",FALSE,FALSE,"no_candidate"
"LT","SwellDir","number(quantity)",0,"",FALSE,FALSE,"no_candidate"
"LT","SwellHeight","number(quantity)",1,"SwellHeight",FALSE,FALSE,"not_applicable"
"LT","TYPPL","string",1,"TYPPL",FALSE,FALSE,"not_applicable"
"LT","Tickler","enum",1,"TS_Tickler",FALSE,TRUE,"full"
"LT","TimeShot","string",0,"",FALSE,FALSE,"no_candidate"
"LT","TowDir","number(quantity)",0,"",FALSE,FALSE,"no_candidate"
"LT","UnitItem","string",0,"",FALSE,FALSE,"no_candidate"
"LT","UnitWgt","string",0,"",FALSE,FALSE,"no_candidate"
"LT","WarpDen","number(quantity)",0,"",FALSE,FALSE,"no_candidate"
"LT","Warpdia","number(quantity)",0,"",FALSE,FALSE,"no_candidate"
"LT","Warplngt","number(quantity)",0,"",FALSE,FALSE,"no_candidate"
"LT","WindDir","number(quantity)",0,"",FALSE,FALSE,"no_candidate"
"LT","WindSpeed","number(quantity)",0,"",FALSE,FALSE,"no_candidate"
"LT","WingSpread","number(quantity)",0,"",FALSE,FALSE,"no_candidate"
"LT","Year","number(ordinal)",1,"Year",FALSE,FALSE,"not_applicable"
