"table","legacy_field","curated_field","curated_type","sentinel_rows","vocab_candidates","sentinel_no_vocab","already_in_known_issues","already_in_issue_report","already_self_documented","in_spreadsheet","spreadsheet_conflict"
"CA","Age","Age","number(quantity)",0,0,FALSE,TRUE,TRUE,TRUE,FALSE,NA
"CA","AgePrepMet","AgePreparationMethod","enum",5614282,1,FALSE,FALSE,TRUE,TRUE,TRUE,NA
"CA","AgeSource","AgeSource","enum",4757200,2,FALSE,TRUE,TRUE,TRUE,TRUE,NA
"CA","AreaCode","AreaCode","string",1891107,0,FALSE,FALSE,FALSE,TRUE,TRUE,NA
"CA","AreaType","AreaType","string",1968019,2,FALSE,FALSE,TRUE,TRUE,TRUE,NA
"CA","CANoAtLngt","NumberAtLength","number(quantity)",0,0,FALSE,FALSE,FALSE,FALSE,TRUE,NA
"CA","Country","Country","string",0,1,FALSE,TRUE,TRUE,FALSE,TRUE,NA
"CA","DateofCalculation","DateofCalculation","number(ordinal)",0,0,FALSE,FALSE,TRUE,TRUE,FALSE,NA
"CA","DoorType","DoorType","enum",1935016,2,FALSE,FALSE,TRUE,TRUE,TRUE,NA
"CA","FishID","FishID","string",4747074,0,FALSE,FALSE,FALSE,TRUE,TRUE,NA
"CA","Gear","Gear","enum",0,1,FALSE,TRUE,TRUE,FALSE,TRUE,NA
"CA","GearEx","GearExceptions","enum",3301002,1,FALSE,TRUE,TRUE,TRUE,TRUE,NA
"CA","GenSamp","GeneticSamplingFlag","enum",5021736,0,FALSE,FALSE,TRUE,TRUE,TRUE,NA
"CA","HaulNo","HaulNumber","number(ordinal)",0,0,FALSE,TRUE,TRUE,TRUE,TRUE,NA
"CA","IndWgt","IndividualWeight","number(quantity)",0,0,FALSE,FALSE,FALSE,FALSE,TRUE,NA
"CA","LngtClass","LengthClass","number(quantity)",0,0,FALSE,FALSE,FALSE,FALSE,TRUE,NA
"CA","LngtCode","LengthCode","enum",0,1,FALSE,FALSE,TRUE,TRUE,TRUE,NA
"CA","Maturity","IndividualMaturity","string",3100723,1,FALSE,FALSE,TRUE,TRUE,TRUE,NA
"CA","MaturityScale","MaturityScale","enum",4726713,3,FALSE,FALSE,TRUE,TRUE,TRUE,NA
"CA","OtGrading","OtolithGrading","enum",5546455,1,FALSE,FALSE,TRUE,TRUE,TRUE,NA
"CA","ParSamp","ParasiteSamplingFlag","enum",4948612,0,FALSE,FALSE,TRUE,TRUE,TRUE,NA
"CA","PlusGr","AgePlusGroup","enum",5860442,1,FALSE,FALSE,TRUE,TRUE,TRUE,NA
"CA","Quarter","Quarter","enum",0,2,FALSE,TRUE,TRUE,FALSE,TRUE,NA
"CA","RecordType","RecordHeader","enum",0,0,FALSE,FALSE,TRUE,FALSE,TRUE,NA
"CA","Sex","IndividualSex","enum",805354,2,FALSE,FALSE,TRUE,TRUE,TRUE,NA
"CA","Ship","Platform","string",0,1,FALSE,TRUE,TRUE,FALSE,TRUE,NA
"CA","SpecCode","SpeciesCode","number(id)",0,0,FALSE,FALSE,TRUE,FALSE,TRUE,"DataType: spreadsheet=char vs WSDL=int"
"CA","SpecCodeType","SpeciesCodeType","enum",0,1,FALSE,FALSE,TRUE,FALSE,TRUE,NA
"CA","StNo","StationName","string",480474,0,FALSE,TRUE,TRUE,TRUE,TRUE,NA
"CA","StomSamp","StomachSamplingFlag","enum",4861583,0,FALSE,FALSE,TRUE,TRUE,TRUE,NA
"CA","Survey","Survey","string",0,2,FALSE,TRUE,TRUE,FALSE,TRUE,NA
"CA","SweepLngt","SweepLength","number(quantity)",0,0,FALSE,FALSE,TRUE,FALSE,TRUE,NA
"CA","Valid_Aphia","Valid_Aphia","number(id)",0,0,FALSE,FALSE,TRUE,FALSE,FALSE,NA
"CA","Year","Year","number(ordinal)",0,1,FALSE,TRUE,TRUE,FALSE,TRUE,"DataType: spreadsheet=char vs WSDL=int"
"HH","BotCurDir","BottomCurrentDirection","number(quantity)",0,0,FALSE,FALSE,FALSE,FALSE,TRUE,NA
"HH","BotCurSpeed","BottomCurrentSpeed","number(quantity)",0,0,FALSE,FALSE,FALSE,FALSE,TRUE,NA
"HH","BotSal","BottomSalinity","number(quantity)",0,0,FALSE,FALSE,FALSE,FALSE,TRUE,NA
"HH","BotTemp","BottomTemperature","number(quantity)",0,0,FALSE,FALSE,FALSE,FALSE,TRUE,NA
"HH","Buoyancy","Buoyancy","number(quantity)",0,0,FALSE,FALSE,FALSE,FALSE,TRUE,NA
"HH","BySpecRecCode","BycatchSpeciesCode","enum",0,1,FALSE,FALSE,TRUE,FALSE,TRUE,NA
"HH","CodendMesh","CodendMesh","number(quantity)",0,0,FALSE,FALSE,FALSE,TRUE,TRUE,NA
"HH","Country","Country","string",0,1,FALSE,TRUE,TRUE,FALSE,TRUE,NA
"HH","DataType","DataType","enum",39,1,FALSE,FALSE,TRUE,TRUE,TRUE,NA
"HH","DateofCalculation","DateofCalculation","number(ordinal)",0,0,FALSE,FALSE,TRUE,TRUE,FALSE,NA
"HH","Day","Day","number(ordinal)",0,0,FALSE,FALSE,TRUE,FALSE,TRUE,NA
"HH","DayNight","DayNight","enum",0,1,FALSE,FALSE,TRUE,FALSE,TRUE,NA
"HH","Depth","BottomDepth","number(quantity)",0,0,FALSE,FALSE,TRUE,FALSE,TRUE,NA
"HH","DepthStratum","DepthStratum","string",74509,1,FALSE,FALSE,TRUE,TRUE,TRUE,NA
"HH","Distance","Distance","number(quantity)",0,0,FALSE,FALSE,FALSE,TRUE,TRUE,NA
"HH","DoorSpread","DoorSpread","number(quantity)",0,0,FALSE,FALSE,FALSE,TRUE,TRUE,NA
"HH","DoorSurface","DoorSurface","number(quantity)",0,0,FALSE,FALSE,FALSE,TRUE,TRUE,NA
"HH","DoorType","DoorType","enum",74790,2,FALSE,FALSE,TRUE,TRUE,TRUE,NA
"HH","DoorWgt","DoorWeight","number(quantity)",0,0,FALSE,FALSE,FALSE,TRUE,TRUE,NA
"HH","Gear","Gear","enum",0,1,FALSE,TRUE,TRUE,FALSE,TRUE,NA
"HH","GearEx","GearExceptions","enum",95514,1,FALSE,TRUE,TRUE,TRUE,TRUE,NA
"HH","GroundSpeed","SpeedGround","number(quantity)",0,0,FALSE,FALSE,FALSE,TRUE,TRUE,NA
"HH","HaulDur","HaulDuration","number(quantity)",0,0,FALSE,TRUE,TRUE,TRUE,TRUE,NA
"HH","HaulLat","HaulLatitude","number(quantity)",0,0,FALSE,FALSE,FALSE,FALSE,TRUE,NA
"HH","HaulLong","HaulLongitude","number(quantity)",0,0,FALSE,FALSE,FALSE,TRUE,TRUE,NA
"HH","HaulNo","HaulNumber","number(ordinal)",0,0,FALSE,TRUE,TRUE,TRUE,TRUE,NA
"HH","HaulVal","HaulValidity","enum",0,1,FALSE,FALSE,TRUE,FALSE,TRUE,NA
"HH","HydroStNo","HydrographicStationID","string",69762,0,FALSE,FALSE,FALSE,TRUE,TRUE,NA
"HH","KiteDim","KiteArea","number(quantity)",0,0,FALSE,FALSE,FALSE,FALSE,TRUE,NA
"HH","MaxTrawlDepth","MaxTrawlDepth","number(quantity)",0,0,FALSE,FALSE,FALSE,FALSE,TRUE,NA
"HH","MinTrawlDepth","MinTrawlDepth","number(quantity)",0,0,FALSE,FALSE,FALSE,FALSE,TRUE,NA
"HH","Month","Month","enum",0,2,FALSE,FALSE,TRUE,FALSE,TRUE,NA
"HH","Netopening","NetOpening","number(quantity)",0,0,FALSE,FALSE,FALSE,TRUE,TRUE,NA
"HH","PelSampType","PelagicSamplingType","enum",145958,1,FALSE,FALSE,TRUE,TRUE,TRUE,NA
"HH","Quarter","Quarter","enum",0,2,FALSE,TRUE,TRUE,FALSE,TRUE,NA
"HH","RecordType","RecordHeader","enum",0,0,FALSE,FALSE,TRUE,FALSE,TRUE,NA
"HH","Rigging","Rigging","enum",95487,1,FALSE,FALSE,TRUE,TRUE,TRUE,NA
"HH","SecchiDepth","SecchiDepth","number(quantity)",0,0,FALSE,FALSE,FALSE,FALSE,TRUE,NA
"HH","Ship","Platform","string",0,1,FALSE,TRUE,TRUE,FALSE,TRUE,NA
"HH","ShootLat","ShootLatitude","number(quantity)",0,0,FALSE,FALSE,FALSE,FALSE,TRUE,NA
"HH","ShootLong","ShootLongitude","number(quantity)",0,0,FALSE,FALSE,FALSE,TRUE,TRUE,NA
"HH","SpeedWater","SpeedWater","number(quantity)",0,0,FALSE,FALSE,FALSE,TRUE,TRUE,NA
"HH","StNo","StationName","string",6899,0,FALSE,TRUE,TRUE,TRUE,TRUE,NA
"HH","StatRec","StatisticalRectangle","string",12235,1,FALSE,FALSE,TRUE,TRUE,TRUE,NA
"HH","StdSpecRecCode","StandardSpeciesCode","enum",0,1,FALSE,FALSE,TRUE,FALSE,TRUE,NA
"HH","SurCurDir","SurfaceCurrentDirection","number(quantity)",0,0,FALSE,FALSE,FALSE,FALSE,TRUE,NA
"HH","SurCurSpeed","SurfaceCurrentSpeed","number(quantity)",0,0,FALSE,FALSE,FALSE,FALSE,TRUE,NA
"HH","SurSal","SurfaceSalinity","number(quantity)",0,0,FALSE,FALSE,FALSE,FALSE,TRUE,NA
"HH","SurTemp","SurfaceTemperature","number(quantity)",0,0,FALSE,FALSE,FALSE,FALSE,TRUE,NA
"HH","Survey","Survey","string",0,2,FALSE,TRUE,TRUE,FALSE,TRUE,NA
"HH","SweepLngt","SweepLength","number(quantity)",0,0,FALSE,FALSE,TRUE,FALSE,TRUE,NA
"HH","SwellDir","SwellDirection","number(quantity)",0,0,FALSE,FALSE,FALSE,TRUE,TRUE,NA
"HH","SwellHeight","SwellHeight","number(quantity)",0,1,FALSE,TRUE,TRUE,TRUE,TRUE,NA
"HH","ThClineDepth","ThermoClineDepth","number(quantity)",0,0,FALSE,FALSE,FALSE,FALSE,TRUE,NA
"HH","ThermoCline","ThermoCline","enum",144726,1,FALSE,FALSE,TRUE,TRUE,TRUE,NA
"HH","Tickler","Tickler","enum",0,1,FALSE,TRUE,TRUE,TRUE,TRUE,NA
"HH","TidePhase","TidePhase","number(quantity)",0,0,FALSE,FALSE,FALSE,TRUE,TRUE,NA
"HH","TideSpeed","TideSpeed","number(quantity)",0,0,FALSE,FALSE,FALSE,FALSE,TRUE,NA
"HH","TimeShot","StartTime","string",0,0,FALSE,FALSE,TRUE,FALSE,TRUE,NA
"HH","TowDir","TowDirection","number(quantity)",0,0,FALSE,FALSE,FALSE,TRUE,TRUE,NA
"HH","Turbidity","Turbidity","number(quantity)",0,0,FALSE,FALSE,FALSE,FALSE,TRUE,NA
"HH","WarpDen","WarpDensity","number(quantity)",0,0,FALSE,FALSE,FALSE,TRUE,TRUE,NA
"HH","Warpdia","WarpDiameter","number(quantity)",0,0,FALSE,FALSE,FALSE,TRUE,TRUE,NA
"HH","Warplngt","WarpLength","number(quantity)",0,0,FALSE,FALSE,FALSE,TRUE,TRUE,NA
"HH","WgtGroundRope","GroundRopeWeight","number(quantity)",0,0,FALSE,FALSE,FALSE,FALSE,TRUE,NA
"HH","WindDir","WindDirection","number(quantity)",0,0,FALSE,FALSE,FALSE,TRUE,TRUE,NA
"HH","WindSpeed","WindSpeed","number(quantity)",0,0,FALSE,TRUE,FALSE,FALSE,TRUE,NA
"HH","WingSpread","WingSpread","number(quantity)",0,0,FALSE,FALSE,FALSE,TRUE,TRUE,NA
"HH","Year","Year","number(ordinal)",0,1,FALSE,TRUE,TRUE,FALSE,TRUE,"DataType: spreadsheet=char vs WSDL=int"
"HL","CatCatchWgt","SpeciesCategoryWeight","number(quantity)",0,0,FALSE,FALSE,FALSE,TRUE,TRUE,NA
"HL","CatIdentifier","SpeciesCategory","enum",0,1,FALSE,TRUE,TRUE,TRUE,TRUE,NA
"HL","Country","Country","string",0,1,FALSE,TRUE,TRUE,FALSE,TRUE,NA
"HL","DateofCalculation","DateofCalculation","number(ordinal)",0,0,FALSE,FALSE,TRUE,TRUE,FALSE,NA
"HL","DevStage","DevelopmentStage","enum",13727079,2,FALSE,FALSE,TRUE,TRUE,TRUE,NA
"HL","DoorType","DoorType","enum",5615516,2,FALSE,FALSE,TRUE,TRUE,TRUE,NA
"HL","Gear","Gear","enum",0,1,FALSE,TRUE,TRUE,FALSE,TRUE,NA
"HL","GearEx","GearExceptions","enum",9070457,1,FALSE,TRUE,TRUE,TRUE,TRUE,NA
"HL","HLNoAtLngt","NumberAtLength","number(quantity)",0,0,FALSE,FALSE,FALSE,FALSE,TRUE,NA
"HL","HaulNo","HaulNumber","number(ordinal)",0,0,FALSE,TRUE,TRUE,TRUE,TRUE,NA
"HL","LenMeasType","LengthType","enum",9846308,1,FALSE,FALSE,TRUE,TRUE,TRUE,NA
"HL","LngtClass","LengthClass","number(quantity)",0,0,FALSE,FALSE,FALSE,FALSE,TRUE,NA
"HL","LngtCode","LengthCode","enum",370658,1,FALSE,FALSE,TRUE,TRUE,TRUE,NA
"HL","NoMeas","SubsampledNumber","number(quantity)",0,0,FALSE,FALSE,FALSE,FALSE,TRUE,NA
"HL","Quarter","Quarter","enum",0,2,FALSE,TRUE,TRUE,FALSE,TRUE,NA
"HL","RecordType","RecordHeader","enum",0,0,FALSE,FALSE,TRUE,FALSE,TRUE,NA
"HL","Sex","SpeciesSex","enum",7695932,2,FALSE,FALSE,TRUE,TRUE,TRUE,NA
"HL","Ship","Platform","string",0,1,FALSE,TRUE,TRUE,FALSE,TRUE,NA
"HL","SpecCode","SpeciesCode","number(id)",0,0,FALSE,FALSE,TRUE,FALSE,TRUE,"DataType: spreadsheet=char vs WSDL=int"
"HL","SpecCodeType","SpeciesCodeType","enum",0,1,FALSE,FALSE,TRUE,FALSE,TRUE,NA
"HL","SpecVal","SpeciesValidity","enum",0,1,FALSE,FALSE,TRUE,FALSE,TRUE,NA
"HL","StNo","StationName","string",572537,0,FALSE,TRUE,TRUE,TRUE,TRUE,NA
"HL","SubFactor","SubsamplingFactor","number(quantity)",0,0,FALSE,FALSE,FALSE,FALSE,TRUE,NA
"HL","SubWgt","SubsampleWeight","number(quantity)",0,0,FALSE,FALSE,FALSE,FALSE,TRUE,NA
"HL","Survey","Survey","string",0,2,FALSE,TRUE,TRUE,FALSE,TRUE,NA
"HL","SweepLngt","SweepLength","number(quantity)",0,0,FALSE,FALSE,TRUE,FALSE,TRUE,NA
"HL","TotalNo","TotalNumber","number(quantity)",0,0,FALSE,FALSE,FALSE,FALSE,TRUE,NA
"HL","Valid_Aphia","Valid_Aphia","number(id)",0,0,FALSE,FALSE,TRUE,FALSE,FALSE,NA
"HL","Year","Year","number(ordinal)",0,1,FALSE,TRUE,TRUE,FALSE,TRUE,"DataType: spreadsheet=char vs WSDL=int"
"LT","BottomDepth","BottomDepth","number(quantity)",139,0,FALSE,FALSE,TRUE,TRUE,FALSE,NA
"LT","CodendMesh","CodendMesh","number(quantity)",22672,0,FALSE,FALSE,FALSE,TRUE,FALSE,NA
"LT","Country","Country","string",0,1,FALSE,TRUE,TRUE,FALSE,TRUE,NA
"LT","DataType","DataType","enum",20,1,FALSE,FALSE,TRUE,TRUE,FALSE,NA
"LT","DateofCalculation","DateofCalculation","number(ordinal)",0,0,FALSE,FALSE,TRUE,FALSE,FALSE,NA
"LT","Day","Day","number(ordinal)",0,0,FALSE,FALSE,TRUE,FALSE,FALSE,NA
"LT","Depth","Depth","number(quantity)",0,0,FALSE,FALSE,TRUE,FALSE,FALSE,NA
"LT","Distance","Distance","number(quantity)",996,0,FALSE,FALSE,FALSE,TRUE,FALSE,NA
"LT","DoorSpread","DoorSpread","number(quantity)",25658,0,FALSE,FALSE,FALSE,TRUE,FALSE,NA
"LT","DoorSurface","DoorSurface","number(quantity)",27021,0,FALSE,FALSE,FALSE,TRUE,FALSE,NA
"LT","DoorType","DoorType","enum",32422,2,FALSE,FALSE,TRUE,TRUE,FALSE,NA
"LT","DoorWgt","DoorWeight","number(quantity)",26904,0,FALSE,FALSE,FALSE,TRUE,FALSE,NA
"LT","EEZ","EEZ","string",0,0,FALSE,FALSE,FALSE,FALSE,FALSE,NA
"LT","Gear","Gear","enum",0,1,FALSE,TRUE,TRUE,FALSE,TRUE,NA
"LT","GearEx","GearExceptions","enum",26856,1,FALSE,TRUE,TRUE,TRUE,FALSE,NA
"LT","GroundSpeed","SpeedGround","number(quantity)",10224,0,FALSE,FALSE,FALSE,TRUE,FALSE,NA
"LT","HaulDur","HaulDuration","number(quantity)",0,0,FALSE,TRUE,TRUE,TRUE,FALSE,NA
"LT","HaulLat","HaulLatitude","number(quantity)",4,0,FALSE,FALSE,FALSE,FALSE,FALSE,NA
"LT","HaulLong","HaulLongitude","number(quantity)",4,0,FALSE,FALSE,FALSE,TRUE,FALSE,NA
"LT","HaulNo","HaulNumber","number(ordinal)",0,0,FALSE,TRUE,TRUE,TRUE,TRUE,NA
"LT","HaulVal","HaulValidity","enum",0,1,FALSE,FALSE,TRUE,FALSE,FALSE,NA
"LT","LTPRP","LTPRP","string",54208,1,FALSE,FALSE,TRUE,TRUE,TRUE,NA
"LT","LTREF","LTREF","enum",0,1,FALSE,FALSE,TRUE,FALSE,TRUE,NA
"LT","LTSRC","LTSRC","enum",35946,1,FALSE,FALSE,TRUE,TRUE,TRUE,NA
"LT","LTSZC","LTSZC","string",14736,1,FALSE,FALSE,TRUE,TRUE,TRUE,NA
"LT","LT_Items","LT_Items","number(quantity)",0,0,FALSE,FALSE,FALSE,FALSE,TRUE,NA
"LT","LT_Weight","LT_Weight","number(quantity)",0,0,FALSE,FALSE,FALSE,TRUE,TRUE,NA
"LT","MSFDArea","MSFDArea","string",0,0,FALSE,FALSE,FALSE,FALSE,FALSE,NA
"LT","Month","Month","enum",0,2,FALSE,FALSE,TRUE,FALSE,FALSE,NA
"LT","NMArea","NMArea","string",0,0,FALSE,FALSE,FALSE,FALSE,FALSE,NA
"LT","Netopening","NetOpening","number(quantity)",24717,0,FALSE,FALSE,FALSE,TRUE,FALSE,NA
"LT","OSPARArea","OSPARArea","string",0,0,FALSE,FALSE,FALSE,FALSE,FALSE,NA
"LT","PARAM","PARAM","string",0,1,FALSE,TRUE,TRUE,FALSE,TRUE,NA
"LT","Quarter","Quarter","enum",0,2,FALSE,TRUE,TRUE,FALSE,TRUE,NA
"LT","Rigging","Rigging","enum",50357,1,FALSE,FALSE,TRUE,TRUE,FALSE,NA
"LT","Ship","Platform","string",0,1,FALSE,TRUE,TRUE,FALSE,TRUE,NA
"LT","ShootLat","ShootLatitude","number(quantity)",0,0,FALSE,FALSE,FALSE,FALSE,FALSE,NA
"LT","ShootLong","ShootLongitude","number(quantity)",0,0,FALSE,FALSE,FALSE,TRUE,FALSE,NA
"LT","SpeedWater","SpeedWater","number(quantity)",41502,0,FALSE,FALSE,FALSE,TRUE,FALSE,NA
"LT","StNo","StationName","string",6928,0,FALSE,TRUE,TRUE,TRUE,TRUE,NA
"LT","StatRec","StatisticalRectangle","string",50,1,FALSE,FALSE,TRUE,TRUE,FALSE,NA
"LT","Survey","Survey","string",0,2,FALSE,TRUE,TRUE,FALSE,TRUE,NA
"LT","SweepLngt","SweepLength","number(quantity)",0,0,FALSE,FALSE,TRUE,FALSE,FALSE,NA
"LT","SwellDir","SwellDirection","number(quantity)",28459,0,FALSE,FALSE,FALSE,TRUE,FALSE,NA
"LT","SwellHeight","SwellHeight","number(quantity)",19005,1,FALSE,TRUE,TRUE,FALSE,FALSE,NA
"LT","TYPPL","TYPPL","string",75148,1,FALSE,FALSE,TRUE,TRUE,TRUE,NA
"LT","Tickler","Tickler","enum",30690,1,FALSE,TRUE,TRUE,TRUE,FALSE,NA
"LT","TimeShot","StartTime","string",0,0,FALSE,FALSE,TRUE,FALSE,FALSE,NA
"LT","TowDir","TowDirection","number(quantity)",2384,0,FALSE,FALSE,FALSE,TRUE,FALSE,NA
"LT","UnitItem","UnitItem","string",36,0,FALSE,FALSE,FALSE,TRUE,TRUE,NA
"LT","UnitWgt","UnitWeight","string",4144,0,FALSE,FALSE,FALSE,TRUE,TRUE,NA
"LT","WarpDen","WarpDensity","number(quantity)",45440,0,FALSE,FALSE,FALSE,TRUE,FALSE,NA
"LT","Warpdia","WarpDiameter","number(quantity)",28755,0,FALSE,FALSE,FALSE,TRUE,FALSE,NA
"LT","Warplngt","WarpLength","number(quantity)",759,0,FALSE,FALSE,FALSE,TRUE,FALSE,NA
"LT","WindDir","WindDirection","number(quantity)",5119,0,FALSE,FALSE,FALSE,TRUE,FALSE,NA
"LT","WindSpeed","WindSpeed","number(quantity)",5585,0,TRUE,TRUE,FALSE,FALSE,FALSE,NA
"LT","WingSpread","WingSpread","number(quantity)",31038,0,FALSE,FALSE,FALSE,TRUE,FALSE,NA
"LT","Year","Year","number(ordinal)",0,1,FALSE,TRUE,TRUE,FALSE,TRUE,"DataType: spreadsheet=char vs WSDL=int"
